{"cameraMode":{"drawMode":0,"name":"Shaded","section":"Shading Mode"},"sceneLighting":true,"audioPlay":false,"sceneViewState":{"showFog":true,"showMaterialUpdate":false,"showSkybox":true,"showFlares":true,"showImageEffects":true,"showParticleSystems":true},"in2DMode":false,"pivot":{"x":-0.8607878684997559,"y":0.1079864501953125,"z":0.9075884819030762},"rotation":{"x":-0.09821860492229462,"y":0.873265266418457,"z":-0.19739796221256257,"w":-0.43450728058815},"size":13.553557395935059,"orthographic":false}